NAME	SHORT_NAME	WEBSITE	PHONE	EMAIL	INTAKE_URL	COUNTIES	PRIMARY_CHARGE_TAGS	CASE_COUNT	REPRESENTATIVE_CASES	SOURCE_URLS	PROFILE_TEXT
Alanna D. Coopersmith, Attorney at Law	alanna-d-coopersmith-attorney-at-law	https://www.eastbaydefense.com/	+15106280596	alanna@eastbaydefense.com	https://www.eastbaydefense.com/	san francisco, alameda, contra costa, solano	dui, domestic-violence, assault, firearm, drug-possession, drug-trafficking, theft, robbery, burglary, probation-violation, white-collar-crime, murder, federal-crimes	0		https://www.eastbaydefense.com/contact-us/, https://www.eastbaydefense.com/	Alanna D. Coopersmith, Attorney at Law is a Bay Area criminal defense firm. Counties served: san francisco, alameda, contra costa, solano. Charge categories: dui, domestic-violence, assault, firearm, drug-possession, drug-trafficking, theft, robbery, burglary, probation-violation, white-collar-crime, murder, federal-crimes. Caller case details to match: dui, driving under the influence, vehicle code section 23152, domestic violence, corporal injury, spousal abuse, domestic battery, assault, firearm, felon in possession, gun, armed, drug possession, possession of a controlled substance, narcotics possession, simple possession, drug trafficking, possession with intent, distribution of, conspiracy to distribute, theft, stolen, robbery, carjacking. Useful for JailCall routing when a caller describes matching criminal charges, arrest facts, or case details.
Andrian & Gallenson	andrian-gallenson	https://www.getyourcasefixed.com	+17075279555		https://www.getyourcasefixed.com/	sonoma, marin, napa	dui, reckless-driving, domestic-violence, assault, firearm, drug-possession, drug-trafficking, theft, probation-violation	0		https://www.getyourcasefixed.com/	Andrian & Gallenson is a Bay Area criminal defense firm. Counties served: sonoma, marin, napa. Charge categories: dui, reckless-driving, domestic-violence, assault, firearm, drug-possession, drug-trafficking, theft, probation-violation. Caller case details to match: dui, driving under the influence, vehicle code section 23152, reckless driving, domestic violence, corporal injury, spousal abuse, domestic battery, assault, firearm, felon in possession, gun, armed, drug possession, possession of a controlled substance, narcotics possession, simple possession, drug trafficking, possession with intent, distribution of, conspiracy to distribute, theft, stolen, probation violation. Useful for JailCall routing when a caller describes matching criminal charges, arrest facts, or case details.
ASH Legal	ash-legal	https://ashlegal.com	+14158901021	info@ashlegal.com	https://ashlegal.com/contact/	san francisco, alameda, san mateo, contra costa	dui, domestic-violence, assault, firearm, drug-possession, drug-trafficking, theft, robbery, burglary, white-collar-crime, fraud, probation-violation	0		https://ashlegal.com/contact/	ASH Legal is a Bay Area criminal defense firm. Counties served: san francisco, alameda, san mateo, contra costa. Charge categories: dui, domestic-violence, assault, firearm, drug-possession, drug-trafficking, theft, robbery, burglary, white-collar-crime, fraud, probation-violation. Caller case details to match: dui, driving under the influence, vehicle code section 23152, domestic violence, corporal injury, spousal abuse, domestic battery, assault, firearm, felon in possession, gun, armed, drug possession, possession of a controlled substance, narcotics possession, simple possession, drug trafficking, possession with intent, distribution of, conspiracy to distribute, theft, stolen, robbery, carjacking. Useful for JailCall routing when a caller describes matching criminal charges, arrest facts, or case details.
Bay Area Criminal Lawyers PC	bacl-pc	https://www.bayareacrimlaw.com	+14155521215	info@baclpc.com	https://www.bayareacrimlaw.com/contact-us/	san francisco, alameda, san mateo, contra costa, santa clara	dui, domestic-violence, assault, firearm, drug-possession, drug-trafficking, theft, robbery, burglary, white-collar-crime, fraud, probation-violation	0		https://www.bayareacrimlaw.com/contact-us/	Bay Area Criminal Lawyers PC is a Bay Area criminal defense firm. Counties served: san francisco, alameda, san mateo, contra costa, santa clara. Charge categories: dui, domestic-violence, assault, firearm, drug-possession, drug-trafficking, theft, robbery, burglary, white-collar-crime, fraud, probation-violation. Caller case details to match: dui, driving under the influence, vehicle code section 23152, domestic violence, corporal injury, spousal abuse, domestic battery, assault, firearm, felon in possession, gun, armed, drug possession, possession of a controlled substance, narcotics possession, simple possession, drug trafficking, possession with intent, distribution of, conspiracy to distribute, theft, stolen, robbery, carjacking. Useful for JailCall routing when a caller describes matching criminal charges, arrest facts, or case details.
Bergstrom & Bruce	bergstrom-bruce	https://www.bergstrom-bruce.com	+17079277144		https://www.bergstrom-bruce.com/	napa, sonoma, solano	dui, domestic-violence, assault, firearm, drug-possession, drug-trafficking, theft, probation-violation, reckless-driving	0		https://www.bergstrom-bruce.com/	Bergstrom & Bruce is a Bay Area criminal defense firm. Counties served: napa, sonoma, solano. Charge categories: dui, domestic-violence, assault, firearm, drug-possession, drug-trafficking, theft, probation-violation, reckless-driving. Caller case details to match: dui, driving under the influence, vehicle code section 23152, domestic violence, corporal injury, spousal abuse, domestic battery, assault, firearm, felon in possession, gun, armed, drug possession, possession of a controlled substance, narcotics possession, simple possession, drug trafficking, possession with intent, distribution of, conspiracy to distribute, theft, stolen, probation violation, violation of probation. Useful for JailCall routing when a caller describes matching criminal charges, arrest facts, or case details.
Cello & Maudru	cello-law	https://www.cellolaw.com	+16505081536		https://www.cellolaw.com/	san mateo, santa clara, san francisco	dui, domestic-violence, assault, firearm, drug-possession, drug-trafficking, theft, robbery, burglary, white-collar-crime, fraud, probation-violation	0		https://www.cellolaw.com/	Cello & Maudru is a Bay Area criminal defense firm. Counties served: san mateo, santa clara, san francisco. Charge categories: dui, domestic-violence, assault, firearm, drug-possession, drug-trafficking, theft, robbery, burglary, white-collar-crime, fraud, probation-violation. Caller case details to match: dui, driving under the influence, vehicle code section 23152, domestic violence, corporal injury, spousal abuse, domestic battery, assault, firearm, felon in possession, gun, armed, drug possession, possession of a controlled substance, narcotics possession, simple possession, drug trafficking, possession with intent, distribution of, conspiracy to distribute, theft, stolen, robbery, carjacking. Useful for JailCall routing when a caller describes matching criminal charges, arrest facts, or case details.
DefendCA	defendca	https://www.defendca.com	+16502411214		https://www.defendca.com/contact-us/	san mateo, santa clara, san francisco, alameda	dui, domestic-violence, assault, firearm, drug-possession, drug-trafficking, theft, robbery, burglary, probation-violation	0		https://www.defendca.com/contact-us/	DefendCA is a Bay Area criminal defense firm. Counties served: san mateo, santa clara, san francisco, alameda. Charge categories: dui, domestic-violence, assault, firearm, drug-possession, drug-trafficking, theft, robbery, burglary, probation-violation. Caller case details to match: dui, driving under the influence, vehicle code section 23152, domestic violence, corporal injury, spousal abuse, domestic battery, assault, firearm, felon in possession, gun, armed, drug possession, possession of a controlled substance, narcotics possession, simple possession, drug trafficking, possession with intent, distribution of, conspiracy to distribute, theft, stolen, robbery, carjacking. Useful for JailCall routing when a caller describes matching criminal charges, arrest facts, or case details.
Demetrius Costy Law	demetrius-costy-law	https://www.costylaw.com/	+15102543945		https://www.costylaw.com/	alameda, bay area, contra costa	dui, domestic-violence, assault, firearm, drug-possession, drug-trafficking, theft, robbery, burglary, probation-violation, sex-crimes, violent-crime	0		https://www.costylaw.com/	Demetrius Costy Law is a Bay Area criminal defense firm. Counties served: alameda, bay area, contra costa. Charge categories: dui, domestic-violence, assault, firearm, drug-possession, drug-trafficking, theft, robbery, burglary, probation-violation, sex-crimes, violent-crime. Caller case details to match: dui, driving under the influence, vehicle code section 23152, domestic violence, corporal injury, spousal abuse, domestic battery, assault, firearm, felon in possession, gun, armed, drug possession, possession of a controlled substance, narcotics possession, simple possession, drug trafficking, possession with intent, distribution of, conspiracy to distribute, theft, stolen, robbery, carjacking. Useful for JailCall routing when a caller describes matching criminal charges, arrest facts, or case details.
Emerick Law Offices	emerick-law	https://www.emericklawoffices.com	+17078009529	Scott@emericklawoffices.com	https://www.emericklawoffices.com/contact.html	sonoma, marin, napa	dui, assault, firearm, drug-possession, drug-trafficking, theft, probation-violation	0		https://www.emericklawoffices.com/contact.html	Emerick Law Offices is a Bay Area criminal defense firm. Counties served: sonoma, marin, napa. Charge categories: dui, assault, firearm, drug-possession, drug-trafficking, theft, probation-violation. Caller case details to match: dui, driving under the influence, vehicle code section 23152, assault, firearm, felon in possession, gun, armed, drug possession, possession of a controlled substance, narcotics possession, simple possession, drug trafficking, possession with intent, distribution of, conspiracy to distribute, theft, stolen, probation violation, violation of probation. Useful for JailCall routing when a caller describes matching criminal charges, arrest facts, or case details.
Gabriela Guraiib Law	gabriela-guraiib	https://www.guraiib.com	+16507610148	gabriela@guraiib.com	https://www.guraiib.com/contact	san mateo, santa clara, san francisco	dui, domestic-violence, assault, drug-possession, drug-trafficking, theft, robbery, burglary, probation-violation	0		https://www.guraiib.com/contact	Gabriela Guraiib Law is a Bay Area criminal defense firm. Counties served: san mateo, santa clara, san francisco. Charge categories: dui, domestic-violence, assault, drug-possession, drug-trafficking, theft, robbery, burglary, probation-violation. Caller case details to match: dui, driving under the influence, vehicle code section 23152, domestic violence, corporal injury, spousal abuse, domestic battery, assault, drug possession, possession of a controlled substance, narcotics possession, simple possession, drug trafficking, possession with intent, distribution of, conspiracy to distribute, theft, stolen, robbery, carjacking, burglary, probation violation, violation of probation. Useful for JailCall routing when a caller describes matching criminal charges, arrest facts, or case details.
Gasner Criminal Law	gasner-criminal-law	https://www.gasnerlaw.com	+14157826002		https://www.gasnerlaw.com/contact-us/	san francisco, alameda, san mateo, marin, contra costa	dui, domestic-violence, assault, firearm, drug-possession, drug-trafficking, theft, robbery, burglary, white-collar-crime, fraud, probation-violation	0		https://www.gasnerlaw.com/contact-us/	Gasner Criminal Law is a Bay Area criminal defense firm. Counties served: san francisco, alameda, san mateo, marin, contra costa. Charge categories: dui, domestic-violence, assault, firearm, drug-possession, drug-trafficking, theft, robbery, burglary, white-collar-crime, fraud, probation-violation. Caller case details to match: dui, driving under the influence, vehicle code section 23152, domestic violence, corporal injury, spousal abuse, domestic battery, assault, firearm, felon in possession, gun, armed, drug possession, possession of a controlled substance, narcotics possession, simple possession, drug trafficking, possession with intent, distribution of, conspiracy to distribute, theft, stolen, robbery, carjacking. Useful for JailCall routing when a caller describes matching criminal charges, arrest facts, or case details.
Ginny Walia Law Offices	ginny-walia	https://www.walialaw.com	+19254606200	info@walialaw.com	https://www.walialaw.com/contact/	alameda, contra costa, santa clara	dui, domestic-violence, assault, firearm, drug-possession, drug-trafficking, theft, robbery, burglary, white-collar-crime, fraud, probation-violation	0		https://www.walialaw.com/contact/	Ginny Walia Law Offices is a Bay Area criminal defense firm. Counties served: alameda, contra costa, santa clara. Charge categories: dui, domestic-violence, assault, firearm, drug-possession, drug-trafficking, theft, robbery, burglary, white-collar-crime, fraud, probation-violation. Caller case details to match: dui, driving under the influence, vehicle code section 23152, domestic violence, corporal injury, spousal abuse, domestic battery, assault, firearm, felon in possession, gun, armed, drug possession, possession of a controlled substance, narcotics possession, simple possession, drug trafficking, possession with intent, distribution of, conspiracy to distribute, theft, stolen, robbery, carjacking. Useful for JailCall routing when a caller describes matching criminal charges, arrest facts, or case details.
Gorelick Law Offices	gorelick-law	https://www.gorelick-law.com	+19258479000		https://www.gorelick-law.com/contact-us/	alameda, contra costa, santa clara	dui, domestic-violence, assault, firearm, drug-possession, drug-trafficking, theft, robbery, burglary, probation-violation	0		https://www.gorelick-law.com/contact-us/	Gorelick Law Offices is a Bay Area criminal defense firm. Counties served: alameda, contra costa, santa clara. Charge categories: dui, domestic-violence, assault, firearm, drug-possession, drug-trafficking, theft, robbery, burglary, probation-violation. Caller case details to match: dui, driving under the influence, vehicle code section 23152, domestic violence, corporal injury, spousal abuse, domestic battery, assault, firearm, felon in possession, gun, armed, drug possession, possession of a controlled substance, narcotics possession, simple possession, drug trafficking, possession with intent, distribution of, conspiracy to distribute, theft, stolen, robbery, carjacking. Useful for JailCall routing when a caller describes matching criminal charges, arrest facts, or case details.
Guyton Jinkerson	guyton-jinkerson	https://www.guytonjinkerson.lawyer/white-collar-crime/	+14088998171		https://www.guytonjinkerson.lawyer/white-collar-crime/	santa clara, san francisco bay area	white-collar-crime, insider-trading, fraud, securities-fraud, wire-fraud	0		https://www.guytonjinkerson.lawyer/white-collar-crime/	Guyton Jinkerson is a Bay Area criminal defense firm. Counties served: santa clara, san francisco bay area. Charge categories: white-collar-crime, insider-trading, fraud, securities-fraud, wire-fraud. Caller case details to match: white collar crime, white collar, economic crime, complex economic crimes, embezzlement, insider trading, fraud, securities fraud, wire fraud. Useful for JailCall routing when a caller describes matching criminal charges, arrest facts, or case details.
Jackson Law	bethani-jackson-law	https://bethanijacksonlaw.com	+16502491369	bethanijacksonlaw@gmail.com	https://bethanijacksonlaw.com/	san mateo, santa clara, san francisco, alameda	dui, domestic-violence, assault, drug-possession, drug-trafficking, theft, robbery, burglary, probation-violation	0		https://bethanijacksonlaw.com/	Jackson Law is a Bay Area criminal defense firm. Counties served: san mateo, santa clara, san francisco, alameda. Charge categories: dui, domestic-violence, assault, drug-possession, drug-trafficking, theft, robbery, burglary, probation-violation. Caller case details to match: dui, driving under the influence, vehicle code section 23152, domestic violence, corporal injury, spousal abuse, domestic battery, assault, drug possession, possession of a controlled substance, narcotics possession, simple possession, drug trafficking, possession with intent, distribution of, conspiracy to distribute, theft, stolen, robbery, carjacking, burglary, probation violation, violation of probation. Useful for JailCall routing when a caller describes matching criminal charges, arrest facts, or case details.
Jayne Law Group	jayne-law	http://www.bayarea-criminaldefense.com/	+14156233600		https://www.jaynelaw.com/contact	san francisco, alameda, contra costa, san mateo	dui, domestic-violence, assault, firearm, drug-possession, drug-trafficking, theft, robbery, burglary, white-collar-crime, fraud, probation-violation	0		https://www.jaynelaw.com/contact	Jayne Law Group is a Bay Area criminal defense firm. Counties served: san francisco, alameda, contra costa, san mateo. Charge categories: dui, domestic-violence, assault, firearm, drug-possession, drug-trafficking, theft, robbery, burglary, white-collar-crime, fraud, probation-violation. Caller case details to match: dui, driving under the influence, vehicle code section 23152, domestic violence, corporal injury, spousal abuse, domestic battery, assault, firearm, felon in possession, gun, armed, drug possession, possession of a controlled substance, narcotics possession, simple possession, drug trafficking, possession with intent, distribution of, conspiracy to distribute, theft, stolen, robbery, carjacking. Useful for JailCall routing when a caller describes matching criminal charges, arrest facts, or case details.
Knight Law	knight-law	https://knightjustice.com/	+14088776177	info@knightjustice.com	https://knightjustice.com/	santa clara, san mateo, santa cruz, bay area, alameda	dui, domestic-violence, assault, firearm, drug-possession, drug-trafficking, theft, robbery, burglary, probation-violation, reckless-driving, murder, fraud, white-collar-crime	0		https://www.knightjustice.com/, https://knightjustice.com/	Knight Law is a Bay Area criminal defense firm. Counties served: santa clara, san mateo, santa cruz, bay area, alameda. Charge categories: dui, domestic-violence, assault, firearm, drug-possession, drug-trafficking, theft, robbery, burglary, probation-violation, reckless-driving, murder, fraud, white-collar-crime. Caller case details to match: dui, driving under the influence, vehicle code section 23152, domestic violence, corporal injury, spousal abuse, domestic battery, assault, firearm, felon in possession, gun, armed, drug possession, possession of a controlled substance, narcotics possession, simple possession, drug trafficking, possession with intent, distribution of, conspiracy to distribute, theft, stolen, robbery, carjacking. Useful for JailCall routing when a caller describes matching criminal charges, arrest facts, or case details.
Lamano Law Office	lamano-law-office	https://www.lamanolaw.com/	+15108420750		https://www.lamanolaw.com/contact-us-lamano-law/	alameda, san francisco, contra costa, santa clara	dui, domestic-violence, assault, firearm, drug-possession, drug-trafficking, theft, robbery, burglary, probation-violation, reckless-driving, felony, misdemeanor, embezzlement, fraud, vehicular-manslaughter, manslaughter	10	Lamano case result - domestic violence and DUI dismissed (domestic-violence, dui, assault: Domestic violence and DUI after restaurant incident); Lamano case result - embezzlement dismissed (embezzlement, theft, fraud: Ongoing embezzlement); Lamano case result - felony DUI great bodily injury no jail (dui: Felony DUI causing great bodily injury); Lamano case result - felony assault with deadly weapon (assault: Felony assault with a deadly weapon causing great bodily injury); Lamano case result - felony gun possession (firearm: Felony gun possession)	https://www.lamanolaw.com/contact/, https://www.lamanolaw.com/contact-us-lamano-law/, https://www.lamanolaw.com/successful-cases/	Lamano Law Office is a Bay Area criminal defense firm. Counties served: alameda, san francisco, contra costa, santa clara. Charge categories: dui, domestic-violence, assault, firearm, drug-possession, drug-trafficking, theft, robbery, burglary, probation-violation, reckless-driving, felony, misdemeanor, embezzlement, fraud, vehicular-manslaughter, manslaughter. Caller case details to match: dui, driving under the influence, vehicle code section 23152, domestic violence, corporal injury, spousal abuse, domestic battery, assault, firearm, felon in possession, gun, armed, drug possession, possession of a controlled substance, narcotics possession, simple possession, drug trafficking, possession with intent, distribution of, conspiracy to distribute, theft, stolen, robbery, carjacking. Representative cases: Lamano case result - domestic violence and DUI dismissed (domestic-violence, dui, assault: Domestic violence and DUI after restaurant incident); Lamano case result - embezzlement dismissed (embezzlement, theft, fraud: Ongoing embezzlement); Lamano case result - felony DUI great bodily injury no jail (dui: Felony DUI causing great bodily injury); Lamano case result - felony assault with deadly weapon (assault: Felony assault with a deadly weapon causing great bodily injury); Lamano case result - felony gun possession (firearm: Felony gun possession). Useful for JailCall routing when a caller describes matching criminal charges, arrest facts, or case details.
Law Office of Adrienne Dell	adrienne-dell	https://www.adriannedelllaw.com	+14082172575		https://www.delldefense.com/criminal-defense/	santa clara, alameda, san mateo	dui, domestic-violence, assault, firearm, drug-possession, drug-trafficking, theft, robbery, burglary, probation-violation, violent-crime, gang-crime, juvenile	0		https://www.adriannedelllaw.com/, https://www.delldefense.com/criminal-defense/	Law Office of Adrienne Dell is a Bay Area criminal defense firm. Counties served: santa clara, alameda, san mateo. Charge categories: dui, domestic-violence, assault, firearm, drug-possession, drug-trafficking, theft, robbery, burglary, probation-violation, violent-crime, gang-crime, juvenile. Caller case details to match: dui, driving under the influence, vehicle code section 23152, domestic violence, corporal injury, spousal abuse, domestic battery, assault, firearm, felon in possession, gun, armed, drug possession, possession of a controlled substance, narcotics possession, simple possession, drug trafficking, possession with intent, distribution of, conspiracy to distribute, theft, stolen, robbery, carjacking. Useful for JailCall routing when a caller describes matching criminal charges, arrest facts, or case details.
Law Office of Allen C. Speare	allen-speare	https://www.allenspeare.com	+14082951180	aspeare@att.net	https://www.allenspearelaw.com/	santa clara, alameda, san mateo	dui, domestic-violence, assault, firearm, drug-possession, drug-trafficking, theft, robbery, burglary, probation-violation, traffic, felony, misdemeanor	0		https://www.allenspeare.com/, https://www.allenspearelaw.com/	Law Office of Allen C. Speare is a Bay Area criminal defense firm. Counties served: santa clara, alameda, san mateo. Charge categories: dui, domestic-violence, assault, firearm, drug-possession, drug-trafficking, theft, robbery, burglary, probation-violation, traffic, felony, misdemeanor. Caller case details to match: dui, driving under the influence, vehicle code section 23152, domestic violence, corporal injury, spousal abuse, domestic battery, assault, firearm, felon in possession, gun, armed, drug possession, possession of a controlled substance, narcotics possession, simple possession, drug trafficking, possession with intent, distribution of, conspiracy to distribute, theft, stolen, robbery, carjacking. Useful for JailCall routing when a caller describes matching criminal charges, arrest facts, or case details.
Law Office of Andrew Cantor	andrew-cantor	https://www.andrewcantor.com	+14155005849	cantor.legal@gmail.com	https://www.cantor-law.com/white-collar-defense/	san francisco, bay area, san mateo, marin, alameda	dui, domestic-violence, assault, firearm, drug-possession, drug-trafficking, theft, robbery, burglary, white-collar-crime, fraud, probation-violation, wire-fraud	0		https://www.andrewcantor.com/contact/, https://www.cantor-law.com/white-collar-defense/	Law Office of Andrew Cantor is a Bay Area criminal defense firm. Counties served: san francisco, bay area, san mateo, marin, alameda. Charge categories: dui, domestic-violence, assault, firearm, drug-possession, drug-trafficking, theft, robbery, burglary, white-collar-crime, fraud, probation-violation, wire-fraud. Caller case details to match: dui, driving under the influence, vehicle code section 23152, domestic violence, corporal injury, spousal abuse, domestic battery, assault, firearm, felon in possession, gun, armed, drug possession, possession of a controlled substance, narcotics possession, simple possession, drug trafficking, possession with intent, distribution of, conspiracy to distribute, theft, stolen, robbery, carjacking. Useful for JailCall routing when a caller describes matching criminal charges, arrest facts, or case details.
Law Office of David R. Franklin	david-franklin	https://bayarealawyers.com	+16503668729	dfranklin@bayarealawyers.com	https://bayarealawyers.com/contact-us/	san mateo, santa clara, alameda, san francisco	dui, domestic-violence, assault, firearm, drug-possession, drug-trafficking, theft, robbery, burglary, white-collar-crime, fraud, probation-violation	0		https://bayarealawyers.com/contact-us/	Law Office of David R. Franklin is a Bay Area criminal defense firm. Counties served: san mateo, santa clara, alameda, san francisco. Charge categories: dui, domestic-violence, assault, firearm, drug-possession, drug-trafficking, theft, robbery, burglary, white-collar-crime, fraud, probation-violation. Caller case details to match: dui, driving under the influence, vehicle code section 23152, domestic violence, corporal injury, spousal abuse, domestic battery, assault, firearm, felon in possession, gun, armed, drug possession, possession of a controlled substance, narcotics possession, simple possession, drug trafficking, possession with intent, distribution of, conspiracy to distribute, theft, stolen, robbery, carjacking. Useful for JailCall routing when a caller describes matching criminal charges, arrest facts, or case details.
Law Office of Derek R. Ewin	derek-ewin	https://www.drewinlaw.com	+19252281600	drewin@drewinlaw.com	https://www.drewinlaw.com/	contra costa, alameda, solano	dui, domestic-violence, assault, firearm, drug-possession, drug-trafficking, theft, robbery, burglary, white-collar-crime, fraud, probation-violation	0		https://www.drewinlaw.com/	Law Office of Derek R. Ewin is a Bay Area criminal defense firm. Counties served: contra costa, alameda, solano. Charge categories: dui, domestic-violence, assault, firearm, drug-possession, drug-trafficking, theft, robbery, burglary, white-collar-crime, fraud, probation-violation. Caller case details to match: dui, driving under the influence, vehicle code section 23152, domestic violence, corporal injury, spousal abuse, domestic battery, assault, firearm, felon in possession, gun, armed, drug possession, possession of a controlled substance, narcotics possession, simple possession, drug trafficking, possession with intent, distribution of, conspiracy to distribute, theft, stolen, robbery, carjacking. Useful for JailCall routing when a caller describes matching criminal charges, arrest facts, or case details.
Law Office of Diego E. Ortiz	diego-ortiz	https://www.diegoeortiz.com	+15106544470	diego@diegoeortiz.com	https://www.diegoeortiz.com/contact	alameda, contra costa, san francisco	dui, domestic-violence, assault, firearm, drug-possession, drug-trafficking, theft, robbery, burglary, probation-violation	0		https://www.diegoeortiz.com/contact	Law Office of Diego E. Ortiz is a Bay Area criminal defense firm. Counties served: alameda, contra costa, san francisco. Charge categories: dui, domestic-violence, assault, firearm, drug-possession, drug-trafficking, theft, robbery, burglary, probation-violation. Caller case details to match: dui, driving under the influence, vehicle code section 23152, domestic violence, corporal injury, spousal abuse, domestic battery, assault, firearm, felon in possession, gun, armed, drug possession, possession of a controlled substance, narcotics possession, simple possession, drug trafficking, possession with intent, distribution of, conspiracy to distribute, theft, stolen, robbery, carjacking. Useful for JailCall routing when a caller describes matching criminal charges, arrest facts, or case details.
Law Office of E. Michael Linscheid	law-office-of-e-michael-linscheid	https://www.linscheidlaw.com/	+14157826002		https://www.linscheidlaw.com/	san francisco, alameda, northern california	dui, drug-trafficking, fraud, theft, assault, domestic-violence, murder, traffic	0		https://www.linscheidlaw.com/	Law Office of E. Michael Linscheid is a Bay Area criminal defense firm. Counties served: san francisco, alameda, northern california. Charge categories: dui, drug-trafficking, fraud, theft, assault, domestic-violence, murder, traffic. Caller case details to match: dui, driving under the influence, vehicle code section 23152, drug trafficking, possession with intent, distribution of, conspiracy to distribute, fraud, theft, stolen, assault, domestic violence, corporal injury, spousal abuse, domestic battery, murder, homicide, traffic, traffic ticket, traffic violation, vehicle offense, suspended license, dmv. Useful for JailCall routing when a caller describes matching criminal charges, arrest facts, or case details.
Law Office of Gregory M. Alonzo	gregory-alonzo	https://www.alonzocriminaldefense.com	+14086739124		https://www.alonzocriminaldefense.com/contact/	santa clara, alameda, san mateo	dui, domestic-violence, assault, firearm, drug-possession, drug-trafficking, theft, robbery, burglary, probation-violation	0		https://www.alonzocriminaldefense.com/contact/	Law Office of Gregory M. Alonzo is a Bay Area criminal defense firm. Counties served: santa clara, alameda, san mateo. Charge categories: dui, domestic-violence, assault, firearm, drug-possession, drug-trafficking, theft, robbery, burglary, probation-violation. Caller case details to match: dui, driving under the influence, vehicle code section 23152, domestic violence, corporal injury, spousal abuse, domestic battery, assault, firearm, felon in possession, gun, armed, drug possession, possession of a controlled substance, narcotics possession, simple possession, drug trafficking, possession with intent, distribution of, conspiracy to distribute, theft, stolen, robbery, carjacking. Useful for JailCall routing when a caller describes matching criminal charges, arrest facts, or case details.
Law Office of Javier Rios	javier-rios	https://www.javierlaw.com	+14084784444	rios@sjdefender.com	https://sjdefender.com/	santa clara, alameda, san mateo	dui, domestic-violence, assault, firearm, drug-possession, drug-trafficking, theft, robbery, burglary, probation-violation, murder, sex-crimes	0		https://www.javierlaw.com/contact/, https://sjdefender.com/practice-areas/	Law Office of Javier Rios is a Bay Area criminal defense firm. Counties served: santa clara, alameda, san mateo. Charge categories: dui, domestic-violence, assault, firearm, drug-possession, drug-trafficking, theft, robbery, burglary, probation-violation, murder, sex-crimes. Caller case details to match: dui, driving under the influence, vehicle code section 23152, domestic violence, corporal injury, spousal abuse, domestic battery, assault, firearm, felon in possession, gun, armed, drug possession, possession of a controlled substance, narcotics possession, simple possession, drug trafficking, possession with intent, distribution of, conspiracy to distribute, theft, stolen, robbery, carjacking. Useful for JailCall routing when a caller describes matching criminal charges, arrest facts, or case details.
Law Office of Jeremy D. Blank	law-office-of-jeremy-d-blank	https://www.jeremyblank.com/	+14157102728	jdb@jeremyblank.com	https://www.jeremyblank.com/	san francisco, bay area	drug-trafficking, fraud, embezzlement, domestic-violence, assault, sex-crimes, vehicular-manslaughter, dui, robbery, burglary	0		https://www.jeremyblank.com/	Law Office of Jeremy D. Blank is a Bay Area criminal defense firm. Counties served: san francisco, bay area. Charge categories: drug-trafficking, fraud, embezzlement, domestic-violence, assault, sex-crimes, vehicular-manslaughter, dui, robbery, burglary. Caller case details to match: drug trafficking, possession with intent, distribution of, conspiracy to distribute, fraud, embezzlement, domestic violence, corporal injury, spousal abuse, domestic battery, assault, sex crimes, sex crime, sexual assault, rape, solicitation, child molest, vehicular manslaughter, gross vehicular manslaughter, dui, driving under the influence, vehicle code section 23152, robbery, carjacking. Useful for JailCall routing when a caller describes matching criminal charges, arrest facts, or case details.
Law Office of Johann Hall	johann-hall	https://www.johannhall.com	+17075461999		https://www.johannhall.com/	sonoma, marin, napa	dui, domestic-violence, assault, firearm, drug-possession, drug-trafficking, theft, robbery, burglary, probation-violation	0		https://www.johannhall.com/	Law Office of Johann Hall is a Bay Area criminal defense firm. Counties served: sonoma, marin, napa. Charge categories: dui, domestic-violence, assault, firearm, drug-possession, drug-trafficking, theft, robbery, burglary, probation-violation. Caller case details to match: dui, driving under the influence, vehicle code section 23152, domestic violence, corporal injury, spousal abuse, domestic battery, assault, firearm, felon in possession, gun, armed, drug possession, possession of a controlled substance, narcotics possession, simple possession, drug trafficking, possession with intent, distribution of, conspiracy to distribute, theft, stolen, robbery, carjacking. Useful for JailCall routing when a caller describes matching criminal charges, arrest facts, or case details.
Law Office of John P. Campion	law-office-of-john-p-campion	https://www.jpcampionlaw.com/	+14154952009	jpcampionlaw@sbcglobal.net	https://www.jpcampionlaw.com/	san francisco, bay area, california, alameda, contra costa, san mateo, santa clara	dui, domestic-violence, assault, firearm, drug-possession, drug-trafficking, theft, robbery, burglary, white-collar-crime, fraud, probation-violation, vehicular-manslaughter, embezzlement, sex-crimes	0		https://www.jpcampionlaw.com/	Law Office of John P. Campion is a Bay Area criminal defense firm. Counties served: san francisco, bay area, california, alameda, contra costa, san mateo, santa clara. Charge categories: dui, domestic-violence, assault, firearm, drug-possession, drug-trafficking, theft, robbery, burglary, white-collar-crime, fraud, probation-violation, vehicular-manslaughter, embezzlement, sex-crimes. Caller case details to match: dui, driving under the influence, vehicle code section 23152, domestic violence, corporal injury, spousal abuse, domestic battery, assault, firearm, felon in possession, gun, armed, drug possession, possession of a controlled substance, narcotics possession, simple possession, drug trafficking, possession with intent, distribution of, conspiracy to distribute, theft, stolen, robbery, carjacking. Useful for JailCall routing when a caller describes matching criminal charges, arrest facts, or case details.
Law Office of M. Gerald Schwartzbach	mgs-law	https://www.mgslawyer.com	+14155639884	info@mgslawyer.com	https://www.mgslawyer.com/contact-us/	san francisco, marin, alameda, san mateo	dui, domestic-violence, assault, firearm, drug-possession, drug-trafficking, theft, robbery, burglary, white-collar-crime, fraud, probation-violation	0		https://www.mgslawyer.com/contact-us/	Law Office of M. Gerald Schwartzbach is a Bay Area criminal defense firm. Counties served: san francisco, marin, alameda, san mateo. Charge categories: dui, domestic-violence, assault, firearm, drug-possession, drug-trafficking, theft, robbery, burglary, white-collar-crime, fraud, probation-violation. Caller case details to match: dui, driving under the influence, vehicle code section 23152, domestic violence, corporal injury, spousal abuse, domestic battery, assault, firearm, felon in possession, gun, armed, drug possession, possession of a controlled substance, narcotics possession, simple possession, drug trafficking, possession with intent, distribution of, conspiracy to distribute, theft, stolen, robbery, carjacking. Useful for JailCall routing when a caller describes matching criminal charges, arrest facts, or case details.
Law Office of Nabiel C. Ahmed	nabiel-ahmed	https://www.nahmedlaw.com	+15102710010		https://www.nahmedlaw.com/contact-us/	alameda, contra costa, san francisco	dui, domestic-violence, assault, firearm, drug-possession, drug-trafficking, theft, robbery, burglary, probation-violation	0		https://www.nahmedlaw.com/contact-us/	Law Office of Nabiel C. Ahmed is a Bay Area criminal defense firm. Counties served: alameda, contra costa, san francisco. Charge categories: dui, domestic-violence, assault, firearm, drug-possession, drug-trafficking, theft, robbery, burglary, probation-violation. Caller case details to match: dui, driving under the influence, vehicle code section 23152, domestic violence, corporal injury, spousal abuse, domestic battery, assault, firearm, felon in possession, gun, armed, drug possession, possession of a controlled substance, narcotics possession, simple possession, drug trafficking, possession with intent, distribution of, conspiracy to distribute, theft, stolen, robbery, carjacking. Useful for JailCall routing when a caller describes matching criminal charges, arrest facts, or case details.
Law Office of Orchid Vaghti	orchid-vaghti	https://www.orchidvaghticriminaldefense.com	+17075950912		https://www.orchidvaghticriminaldefense.com/	sonoma, marin, napa	dui, domestic-violence, assault, firearm, drug-possession, drug-trafficking, theft, robbery, burglary, probation-violation	0		https://www.orchidvaghticriminaldefense.com/	Law Office of Orchid Vaghti is a Bay Area criminal defense firm. Counties served: sonoma, marin, napa. Charge categories: dui, domestic-violence, assault, firearm, drug-possession, drug-trafficking, theft, robbery, burglary, probation-violation. Caller case details to match: dui, driving under the influence, vehicle code section 23152, domestic violence, corporal injury, spousal abuse, domestic battery, assault, firearm, felon in possession, gun, armed, drug possession, possession of a controlled substance, narcotics possession, simple possession, drug trafficking, possession with intent, distribution of, conspiracy to distribute, theft, stolen, robbery, carjacking. Useful for JailCall routing when a caller describes matching criminal charges, arrest facts, or case details.
Law Office of Robert Tayac	bay-area-dui-defense	https://bayareaduidefense.com	+14155526000		https://bayareaduidefense.com/contact-us/	san francisco, alameda, san mateo, contra costa, marin	dui, reckless-driving, probation-violation	0		https://bayareaduidefense.com/contact-us/	Law Office of Robert Tayac is a Bay Area criminal defense firm. Counties served: san francisco, alameda, san mateo, contra costa, marin. Charge categories: dui, reckless-driving, probation-violation. Caller case details to match: dui, driving under the influence, vehicle code section 23152, reckless driving, probation violation, violation of probation. Useful for JailCall routing when a caller describes matching criminal charges, arrest facts, or case details.
Law Office of Roberta Brooks	roberta-brooks	https://criminaldefender.com	+19252289100		https://criminaldefender.com/	contra costa, alameda, solano	dui, domestic-violence, assault, firearm, drug-possession, drug-trafficking, theft, robbery, burglary, probation-violation	0		https://criminaldefender.com/	Law Office of Roberta Brooks is a Bay Area criminal defense firm. Counties served: contra costa, alameda, solano. Charge categories: dui, domestic-violence, assault, firearm, drug-possession, drug-trafficking, theft, robbery, burglary, probation-violation. Caller case details to match: dui, driving under the influence, vehicle code section 23152, domestic violence, corporal injury, spousal abuse, domestic battery, assault, firearm, felon in possession, gun, armed, drug possession, possession of a controlled substance, narcotics possession, simple possession, drug trafficking, possession with intent, distribution of, conspiracy to distribute, theft, stolen, robbery, carjacking. Useful for JailCall routing when a caller describes matching criminal charges, arrest facts, or case details.
Law Office of Steven H. Nakano	steven-nakano	https://www.nakanolaw.com	+14089981985		https://www.nakanolaw.com/	santa clara, alameda, san mateo	dui, domestic-violence, assault, firearm, drug-possession, drug-trafficking, theft, robbery, burglary, probation-violation, reckless-driving	0		https://www.nakanolaw.com/	Law Office of Steven H. Nakano is a Bay Area criminal defense firm. Counties served: santa clara, alameda, san mateo. Charge categories: dui, domestic-violence, assault, firearm, drug-possession, drug-trafficking, theft, robbery, burglary, probation-violation, reckless-driving. Caller case details to match: dui, driving under the influence, vehicle code section 23152, domestic violence, corporal injury, spousal abuse, domestic battery, assault, firearm, felon in possession, gun, armed, drug possession, possession of a controlled substance, narcotics possession, simple possession, drug trafficking, possession with intent, distribution of, conspiracy to distribute, theft, stolen, robbery, carjacking. Useful for JailCall routing when a caller describes matching criminal charges, arrest facts, or case details.
Law Office of Thomas Daly	thomas-daly	https://www.thomasdalyconsulting.com	+19259378700		https://www.thomasdalyconsulting.com/	contra costa, alameda, solano	dui, domestic-violence, assault, drug-possession, drug-trafficking, theft, robbery, burglary, white-collar-crime, fraud, probation-violation	0		https://www.thomasdalyconsulting.com/	Law Office of Thomas Daly is a Bay Area criminal defense firm. Counties served: contra costa, alameda, solano. Charge categories: dui, domestic-violence, assault, drug-possession, drug-trafficking, theft, robbery, burglary, white-collar-crime, fraud, probation-violation. Caller case details to match: dui, driving under the influence, vehicle code section 23152, domestic violence, corporal injury, spousal abuse, domestic battery, assault, drug possession, possession of a controlled substance, narcotics possession, simple possession, drug trafficking, possession with intent, distribution of, conspiracy to distribute, theft, stolen, robbery, carjacking, burglary, white collar crime, white collar, economic crime. Useful for JailCall routing when a caller describes matching criminal charges, arrest facts, or case details.
Law Office of Vijay Dinakar	vijay-dinakar	https://vijaylaw.com	+14082752307	info@vijaylaw.com	https://www.vijaylaw.com/	santa clara, alameda, san mateo	dui, domestic-violence, assault, firearm, drug-possession, drug-trafficking, theft, robbery, burglary, white-collar-crime, fraud, probation-violation, violent-crime, immigration-consequences	0		https://vijaylaw.com/contact/, https://www.vijaylaw.com/	Law Office of Vijay Dinakar is a Bay Area criminal defense firm. Counties served: santa clara, alameda, san mateo. Charge categories: dui, domestic-violence, assault, firearm, drug-possession, drug-trafficking, theft, robbery, burglary, white-collar-crime, fraud, probation-violation, violent-crime, immigration-consequences. Caller case details to match: dui, driving under the influence, vehicle code section 23152, domestic violence, corporal injury, spousal abuse, domestic battery, assault, firearm, felon in possession, gun, armed, drug possession, possession of a controlled substance, narcotics possession, simple possession, drug trafficking, possession with intent, distribution of, conspiracy to distribute, theft, stolen, robbery, carjacking. Useful for JailCall routing when a caller describes matching criminal charges, arrest facts, or case details.
Law Office of William H. Kimball	law-office-of-william-h-kimball	https://www.wkimball.com/	+15107041400	wkimball@wkimball.com	https://www.wkimball.com/	bay area	insider-trading, securities-fraud, wire-fraud, fraud, white-collar-crime	0		https://www.wkimball.com/	Law Office of William H. Kimball is a Bay Area criminal defense firm. Counties served: bay area. Charge categories: insider-trading, securities-fraud, wire-fraud, fraud, white-collar-crime. Caller case details to match: insider trading, securities fraud, wire fraud, fraud, white collar crime, white collar, economic crime, complex economic crimes, embezzlement. Useful for JailCall routing when a caller describes matching criminal charges, arrest facts, or case details.
Law Offices of Bobby Lau	bobby-lau	https://www.bobbylaulaw.com	+14085687578		https://www.bobbylaulaw.com/contact-us/	santa clara, alameda, san mateo	dui, domestic-violence, assault, firearm, drug-possession, drug-trafficking, theft, robbery, burglary, probation-violation	0		https://www.bobbylaulaw.com/contact-us/	Law Offices of Bobby Lau is a Bay Area criminal defense firm. Counties served: santa clara, alameda, san mateo. Charge categories: dui, domestic-violence, assault, firearm, drug-possession, drug-trafficking, theft, robbery, burglary, probation-violation. Caller case details to match: dui, driving under the influence, vehicle code section 23152, domestic violence, corporal injury, spousal abuse, domestic battery, assault, firearm, felon in possession, gun, armed, drug possession, possession of a controlled substance, narcotics possession, simple possession, drug trafficking, possession with intent, distribution of, conspiracy to distribute, theft, stolen, robbery, carjacking. Useful for JailCall routing when a caller describes matching criminal charges, arrest facts, or case details.
Law Offices of Holden W. Green	holden-green	https://holdengreen.com	+14084518449		https://holdengreen.com/	santa clara, alameda, san mateo	dui, domestic-violence, assault, firearm, drug-possession, drug-trafficking, theft, robbery, burglary, white-collar-crime, fraud, probation-violation	0		https://holdengreen.com/	Law Offices of Holden W. Green is a Bay Area criminal defense firm. Counties served: santa clara, alameda, san mateo. Charge categories: dui, domestic-violence, assault, firearm, drug-possession, drug-trafficking, theft, robbery, burglary, white-collar-crime, fraud, probation-violation. Caller case details to match: dui, driving under the influence, vehicle code section 23152, domestic violence, corporal injury, spousal abuse, domestic battery, assault, firearm, felon in possession, gun, armed, drug possession, possession of a controlled substance, narcotics possession, simple possession, drug trafficking, possession with intent, distribution of, conspiracy to distribute, theft, stolen, robbery, carjacking. Useful for JailCall routing when a caller describes matching criminal charges, arrest facts, or case details.
Law Offices of Jeffrey B. Hayden	jeffrey-hayden	https://www.jeffreyhayden.com	+16505933200		https://www.jeffreyhayden.com/	san mateo, santa clara, san francisco	dui, domestic-violence, assault, firearm, drug-possession, drug-trafficking, theft, robbery, burglary, white-collar-crime, fraud, probation-violation	0		https://www.jeffreyhayden.com/	Law Offices of Jeffrey B. Hayden is a Bay Area criminal defense firm. Counties served: san mateo, santa clara, san francisco. Charge categories: dui, domestic-violence, assault, firearm, drug-possession, drug-trafficking, theft, robbery, burglary, white-collar-crime, fraud, probation-violation. Caller case details to match: dui, driving under the influence, vehicle code section 23152, domestic violence, corporal injury, spousal abuse, domestic battery, assault, firearm, felon in possession, gun, armed, drug possession, possession of a controlled substance, narcotics possession, simple possession, drug trafficking, possession with intent, distribution of, conspiracy to distribute, theft, stolen, robbery, carjacking. Useful for JailCall routing when a caller describes matching criminal charges, arrest facts, or case details.
Law Offices of Jesse J. Garcia	jesse-garcia	https://www.jessejgarcialaw.com	+19252470094	jesse@jessejgarcialaw.com	https://www.jessejgarcialaw.com/	contra costa, alameda, solano	dui, domestic-violence, assault, drug-possession, drug-trafficking, theft, robbery, burglary, probation-violation	0		https://www.jessejgarcialaw.com/	Law Offices of Jesse J. Garcia is a Bay Area criminal defense firm. Counties served: contra costa, alameda, solano. Charge categories: dui, domestic-violence, assault, drug-possession, drug-trafficking, theft, robbery, burglary, probation-violation. Caller case details to match: dui, driving under the influence, vehicle code section 23152, domestic violence, corporal injury, spousal abuse, domestic battery, assault, drug possession, possession of a controlled substance, narcotics possession, simple possession, drug trafficking, possession with intent, distribution of, conspiracy to distribute, theft, stolen, robbery, carjacking, burglary, probation violation, violation of probation. Useful for JailCall routing when a caller describes matching criminal charges, arrest facts, or case details.
Law Offices of Johnson & Johnson	johnson-and-johnson	https://www.johnsoncriminaldefense.com	+19254725522		https://www.johnsoncriminaldefense.com/	contra costa, alameda, solano	dui, domestic-violence, assault, firearm, drug-possession, drug-trafficking, theft, robbery, burglary, probation-violation	0		https://www.johnsoncriminaldefense.com/	Law Offices of Johnson & Johnson is a Bay Area criminal defense firm. Counties served: contra costa, alameda, solano. Charge categories: dui, domestic-violence, assault, firearm, drug-possession, drug-trafficking, theft, robbery, burglary, probation-violation. Caller case details to match: dui, driving under the influence, vehicle code section 23152, domestic violence, corporal injury, spousal abuse, domestic battery, assault, firearm, felon in possession, gun, armed, drug possession, possession of a controlled substance, narcotics possession, simple possession, drug trafficking, possession with intent, distribution of, conspiracy to distribute, theft, stolen, robbery, carjacking. Useful for JailCall routing when a caller describes matching criminal charges, arrest facts, or case details.
Law Offices of Jonathan Steele	jonathan-steele	https://www.steelelaw.org	+17076489046		https://www.steelelaw.org/	solano, napa, sonoma	dui, domestic-violence, assault, firearm, drug-possession, drug-trafficking, theft, robbery, burglary, probation-violation	0		https://www.steelelaw.org/	Law Offices of Jonathan Steele is a Bay Area criminal defense firm. Counties served: solano, napa, sonoma. Charge categories: dui, domestic-violence, assault, firearm, drug-possession, drug-trafficking, theft, robbery, burglary, probation-violation. Caller case details to match: dui, driving under the influence, vehicle code section 23152, domestic violence, corporal injury, spousal abuse, domestic battery, assault, firearm, felon in possession, gun, armed, drug possession, possession of a controlled substance, narcotics possession, simple possession, drug trafficking, possession with intent, distribution of, conspiracy to distribute, theft, stolen, robbery, carjacking. Useful for JailCall routing when a caller describes matching criminal charges, arrest facts, or case details.
Law Offices of Leon J. Mezzetti, Jr.	mezzetti-law	https://www.mezzetti.com	+14082798400		https://www.mezzetti.com/	santa clara, alameda, san mateo	dui, domestic-violence, assault, firearm, drug-possession, drug-trafficking, theft, robbery, burglary, probation-violation	0		https://www.mezzetti.com/	Law Offices of Leon J. Mezzetti, Jr. is a Bay Area criminal defense firm. Counties served: santa clara, alameda, san mateo. Charge categories: dui, domestic-violence, assault, firearm, drug-possession, drug-trafficking, theft, robbery, burglary, probation-violation. Caller case details to match: dui, driving under the influence, vehicle code section 23152, domestic violence, corporal injury, spousal abuse, domestic battery, assault, firearm, felon in possession, gun, armed, drug possession, possession of a controlled substance, narcotics possession, simple possession, drug trafficking, possession with intent, distribution of, conspiracy to distribute, theft, stolen, robbery, carjacking. Useful for JailCall routing when a caller describes matching criminal charges, arrest facts, or case details.
Law Offices of Majeed S. Samara	majeed-samara	https://www.samaralaw.com	+16504375230		https://www.samaralaw.com/contact/	san mateo, san francisco, santa clara, alameda	dui, reckless-driving, domestic-violence, assault, drug-possession, drug-trafficking, theft, probation-violation	0		https://www.samaralaw.com/contact/	Law Offices of Majeed S. Samara is a Bay Area criminal defense firm. Counties served: san mateo, san francisco, santa clara, alameda. Charge categories: dui, reckless-driving, domestic-violence, assault, drug-possession, drug-trafficking, theft, probation-violation. Caller case details to match: dui, driving under the influence, vehicle code section 23152, reckless driving, domestic violence, corporal injury, spousal abuse, domestic battery, assault, drug possession, possession of a controlled substance, narcotics possession, simple possession, drug trafficking, possession with intent, distribution of, conspiracy to distribute, theft, stolen, probation violation, violation of probation. Useful for JailCall routing when a caller describes matching criminal charges, arrest facts, or case details.
Law Offices of Marsanne Weese	marsanne-weese	https://weeselaw.com	+14153984300	weese@weeselaw.com	https://weeselaw.com/	san francisco, alameda, san mateo, contra costa	dui, domestic-violence, assault, firearm, drug-possession, drug-trafficking, theft, robbery, burglary, white-collar-crime, fraud, probation-violation	0		https://weeselaw.com/	Law Offices of Marsanne Weese is a Bay Area criminal defense firm. Counties served: san francisco, alameda, san mateo, contra costa. Charge categories: dui, domestic-violence, assault, firearm, drug-possession, drug-trafficking, theft, robbery, burglary, white-collar-crime, fraud, probation-violation. Caller case details to match: dui, driving under the influence, vehicle code section 23152, domestic violence, corporal injury, spousal abuse, domestic battery, assault, firearm, felon in possession, gun, armed, drug possession, possession of a controlled substance, narcotics possession, simple possession, drug trafficking, possession with intent, distribution of, conspiracy to distribute, theft, stolen, robbery, carjacking. Useful for JailCall routing when a caller describes matching criminal charges, arrest facts, or case details.
Law Offices of Paula Canny	paula-canny	https://www.paulacanny.com	+16509642231		https://www.paulacanny.com/contact	san mateo, santa clara, san francisco	dui, domestic-violence, assault, firearm, drug-possession, drug-trafficking, theft, robbery, burglary, white-collar-crime, fraud, probation-violation	0		https://www.paulacanny.com/contact	Law Offices of Paula Canny is a Bay Area criminal defense firm. Counties served: san mateo, santa clara, san francisco. Charge categories: dui, domestic-violence, assault, firearm, drug-possession, drug-trafficking, theft, robbery, burglary, white-collar-crime, fraud, probation-violation. Caller case details to match: dui, driving under the influence, vehicle code section 23152, domestic violence, corporal injury, spousal abuse, domestic battery, assault, firearm, felon in possession, gun, armed, drug possession, possession of a controlled substance, narcotics possession, simple possession, drug trafficking, possession with intent, distribution of, conspiracy to distribute, theft, stolen, robbery, carjacking. Useful for JailCall routing when a caller describes matching criminal charges, arrest facts, or case details.
Law Offices of Peter F. Goldscheider	peter-goldscheider	https://www.gdcriminaldefense.com	+16503646361	peter@gdcriminaldefense.com	https://www.gdcriminaldefense.com/contact/	san mateo, santa clara, san francisco	dui, domestic-violence, assault, firearm, drug-possession, drug-trafficking, theft, robbery, burglary, probation-violation	0		https://www.gdcriminaldefense.com/contact/	Law Offices of Peter F. Goldscheider is a Bay Area criminal defense firm. Counties served: san mateo, santa clara, san francisco. Charge categories: dui, domestic-violence, assault, firearm, drug-possession, drug-trafficking, theft, robbery, burglary, probation-violation. Caller case details to match: dui, driving under the influence, vehicle code section 23152, domestic violence, corporal injury, spousal abuse, domestic battery, assault, firearm, felon in possession, gun, armed, drug possession, possession of a controlled substance, narcotics possession, simple possession, drug trafficking, possession with intent, distribution of, conspiracy to distribute, theft, stolen, robbery, carjacking. Useful for JailCall routing when a caller describes matching criminal charges, arrest facts, or case details.
Law Offices of Robert J. Beles	law-offices-of-beles-and-beles	https://beleslaw.com	+15108360100		https://beleslaw.com/	alameda, contra costa, san francisco	dui, domestic-violence, assault, firearm, drug-possession, drug-trafficking, theft, robbery, burglary, white-collar-crime, fraud, probation-violation, methamphetamine, fentanyl, money-laundering	5	United States v. Fries (drug-trafficking: drug trafficking | narcotics); United States v. Fries (drug-trafficking, methamphetamine: 21 U.S.C. 841(a)(1), (b)(1)(B); distribution of 500 grams or more of a mixture or substance containing a detectable amount of methamphetamine); United States v. Fries (fentanyl: fentanyl | drug possession/sales); United States v. Fries (methamphetamine: methamphetamine | drug possession/sales); United States v. Fries (money-laundering: money laundering)	https://beleslaw.com/, https://www.courtlistener.com/docket/73332454/united-states-v-fries/	Law Offices of Robert J. Beles is a Bay Area criminal defense firm. Counties served: alameda, contra costa, san francisco. Charge categories: dui, domestic-violence, assault, firearm, drug-possession, drug-trafficking, theft, robbery, burglary, white-collar-crime, fraud, probation-violation, methamphetamine, fentanyl, money-laundering. Caller case details to match: dui, driving under the influence, vehicle code section 23152, domestic violence, corporal injury, spousal abuse, domestic battery, assault, firearm, felon in possession, gun, armed, drug possession, possession of a controlled substance, narcotics possession, simple possession, drug trafficking, possession with intent, distribution of, conspiracy to distribute, theft, stolen, robbery, carjacking. Representative cases: United States v. Fries (drug-trafficking: drug trafficking | narcotics); United States v. Fries (drug-trafficking, methamphetamine: 21 U.S.C. 841(a)(1), (b)(1)(B); distribution of 500 grams or more of a mixture or substance containing a detectable amount of methamphetamine); United States v. Fries (fentanyl: fentanyl | drug possession/sales); United States v. Fries (methamphetamine: methamphetamine | drug possession/sales); United States v. Fries (money-laundering: money laundering). Useful for JailCall routing when a caller describes matching criminal charges, arrest facts, or case details.
Law Offices of Seth P. Chazin	law-offices-of-seth-p-chazin	https://www.bayarea-attorney.com/	+14152226188		https://www.bayarea-attorney.com/	san francisco, oakland, berkeley, albany, bay area	drug-trafficking, violent-crime, sex-crimes, federal-crimes, money-laundering, computer-fraud	0		https://www.bayarea-attorney.com/practiceareas/federal-crimes.asp	Law Offices of Seth P. Chazin is a Bay Area criminal defense firm. Counties served: san francisco, oakland, berkeley, albany, bay area. Charge categories: drug-trafficking, violent-crime, sex-crimes, federal-crimes, money-laundering, computer-fraud. Caller case details to match: drug trafficking, possession with intent, distribution of, conspiracy to distribute, violent crime, strike offense, criminal threats, kidnapping, sex crimes, sex crime, sexual assault, rape, solicitation, child molest, federal crimes, federal crime, federal criminal defense, federal prosecution, money laundering, computer fraud, cybercrime, cyber crime. Useful for JailCall routing when a caller describes matching criminal charges, arrest facts, or case details.
Lipton Law Office	lipton-law	https://liptonlawoffice.com	+14156587873	info@liptonlawoffice.com	https://liptonlawoffice.com/	san francisco, san mateo, marin, alameda	dui, domestic-violence, assault, firearm, drug-possession, drug-trafficking, theft, robbery, burglary, probation-violation	0		https://liptonlawoffice.com/	Lipton Law Office is a Bay Area criminal defense firm. Counties served: san francisco, san mateo, marin, alameda. Charge categories: dui, domestic-violence, assault, firearm, drug-possession, drug-trafficking, theft, robbery, burglary, probation-violation. Caller case details to match: dui, driving under the influence, vehicle code section 23152, domestic violence, corporal injury, spousal abuse, domestic battery, assault, firearm, felon in possession, gun, armed, drug possession, possession of a controlled substance, narcotics possession, simple possession, drug trafficking, possession with intent, distribution of, conspiracy to distribute, theft, stolen, robbery, carjacking. Useful for JailCall routing when a caller describes matching criminal charges, arrest facts, or case details.
Morgan H. Daly Attorney at Law	morgan-daly	https://morgandaly.com	+14154926800		https://morgandaly.com/	marin, sonoma, san francisco, napa	dui, domestic-violence, assault, drug-possession, drug-trafficking, theft, robbery, burglary, white-collar-crime, fraud, probation-violation	0		https://morgandaly.com/	Morgan H. Daly Attorney at Law is a Bay Area criminal defense firm. Counties served: marin, sonoma, san francisco, napa. Charge categories: dui, domestic-violence, assault, drug-possession, drug-trafficking, theft, robbery, burglary, white-collar-crime, fraud, probation-violation. Caller case details to match: dui, driving under the influence, vehicle code section 23152, domestic violence, corporal injury, spousal abuse, domestic battery, assault, drug possession, possession of a controlled substance, narcotics possession, simple possession, drug trafficking, possession with intent, distribution of, conspiracy to distribute, theft, stolen, robbery, carjacking, burglary, white collar crime, white collar, economic crime. Useful for JailCall routing when a caller describes matching criminal charges, arrest facts, or case details.
Morris Law PC	morris-law-pc	https://www.morrisdefense.com/	+15103300814		https://www.morrisdefense.com/	alameda, contra costa, solano, santa clara, marin, san francisco, napa, sonoma, san mateo	dui, domestic-violence, drug-trafficking, firearm, violent-crime, murder, theft, federal-crimes	0		https://www.morrisdefense.com/	Morris Law PC is a Bay Area criminal defense firm. Counties served: alameda, contra costa, solano, santa clara, marin, san francisco, napa, sonoma, san mateo. Charge categories: dui, domestic-violence, drug-trafficking, firearm, violent-crime, murder, theft, federal-crimes. Caller case details to match: dui, driving under the influence, vehicle code section 23152, domestic violence, corporal injury, spousal abuse, domestic battery, drug trafficking, possession with intent, distribution of, conspiracy to distribute, firearm, felon in possession, gun, armed, violent crime, strike offense, criminal threats, kidnapping, murder, homicide, theft, stolen, federal crimes. Useful for JailCall routing when a caller describes matching criminal charges, arrest facts, or case details.
Mowry Law Group	mowry-law	https://www.mowrylawgroup.com	+15105429355	help@mowrylawgroup.com	https://www.mowrylawgroup.com/	san francisco, alameda, santa clara, contra costa, san mateo	dui, domestic-violence, assault, firearm, drug-possession, drug-trafficking, theft, robbery, burglary, probation-violation, reckless-driving, fraud	0		https://www.mowrylawgroup.com/contact/, https://www.mowrylawgroup.com/	Mowry Law Group is a Bay Area criminal defense firm. Counties served: san francisco, alameda, santa clara, contra costa, san mateo. Charge categories: dui, domestic-violence, assault, firearm, drug-possession, drug-trafficking, theft, robbery, burglary, probation-violation, reckless-driving, fraud. Caller case details to match: dui, driving under the influence, vehicle code section 23152, domestic violence, corporal injury, spousal abuse, domestic battery, assault, firearm, felon in possession, gun, armed, drug possession, possession of a controlled substance, narcotics possession, simple possession, drug trafficking, possession with intent, distribution of, conspiracy to distribute, theft, stolen, robbery, carjacking. Useful for JailCall routing when a caller describes matching criminal charges, arrest facts, or case details.
Moyal & Moyal	moyal-and-moyal	https://www.moyaldefenselaw.com	+19254372424	kenmoyal@gmail.com	https://www.moyaldefenselaw.com/	contra costa, alameda, solano	dui, domestic-violence, assault, firearm, drug-possession, drug-trafficking, theft, robbery, burglary, probation-violation	0		https://www.moyaldefenselaw.com/	Moyal & Moyal is a Bay Area criminal defense firm. Counties served: contra costa, alameda, solano. Charge categories: dui, domestic-violence, assault, firearm, drug-possession, drug-trafficking, theft, robbery, burglary, probation-violation. Caller case details to match: dui, driving under the influence, vehicle code section 23152, domestic violence, corporal injury, spousal abuse, domestic battery, assault, firearm, felon in possession, gun, armed, drug possession, possession of a controlled substance, narcotics possession, simple possession, drug trafficking, possession with intent, distribution of, conspiracy to distribute, theft, stolen, robbery, carjacking. Useful for JailCall routing when a caller describes matching criminal charges, arrest facts, or case details.
Nolan Barton Olmos & Luciano LLP	nbo-law	https://www.nbo.law	+16503278600		https://www.nbo.law/contact-us/	santa clara, san mateo, alameda, san francisco	dui, domestic-violence, assault, firearm, drug-possession, drug-trafficking, theft, robbery, burglary, white-collar-crime, fraud, probation-violation	0		https://www.nbo.law/contact-us/	Nolan Barton Olmos & Luciano LLP is a Bay Area criminal defense firm. Counties served: santa clara, san mateo, alameda, san francisco. Charge categories: dui, domestic-violence, assault, firearm, drug-possession, drug-trafficking, theft, robbery, burglary, white-collar-crime, fraud, probation-violation. Caller case details to match: dui, driving under the influence, vehicle code section 23152, domestic violence, corporal injury, spousal abuse, domestic battery, assault, firearm, felon in possession, gun, armed, drug possession, possession of a controlled substance, narcotics possession, simple possession, drug trafficking, possession with intent, distribution of, conspiracy to distribute, theft, stolen, robbery, carjacking. Useful for JailCall routing when a caller describes matching criminal charges, arrest facts, or case details.
Osterhoudt Law	osterhoudt-law	https://www.osterhoudtlaw.com	+14152365830	info@osterhoudtlaw.com	https://www.osterhoudtlaw.com/contact/	san francisco, alameda, san mateo, contra costa	dui, domestic-violence, assault, firearm, drug-possession, drug-trafficking, theft, robbery, burglary, white-collar-crime, fraud, probation-violation	0		https://www.osterhoudtlaw.com/contact/	Osterhoudt Law is a Bay Area criminal defense firm. Counties served: san francisco, alameda, san mateo, contra costa. Charge categories: dui, domestic-violence, assault, firearm, drug-possession, drug-trafficking, theft, robbery, burglary, white-collar-crime, fraud, probation-violation. Caller case details to match: dui, driving under the influence, vehicle code section 23152, domestic violence, corporal injury, spousal abuse, domestic battery, assault, firearm, felon in possession, gun, armed, drug possession, possession of a controlled substance, narcotics possession, simple possession, drug trafficking, possession with intent, distribution of, conspiracy to distribute, theft, stolen, robbery, carjacking. Useful for JailCall routing when a caller describes matching criminal charges, arrest facts, or case details.
Perani Law	perani-law	https://peranilaw.com/	+14159961131		https://peranilaw.com/	alameda, contra costa, marin, san francisco, bay area, san mateo, santa clara	dui, domestic-violence, assault, firearm, drug-possession, drug-trafficking, theft, robbery, burglary, white-collar-crime, fraud, probation-violation, reckless-driving	0		https://www.peranilaw.com/contact-us/, https://peranilaw.com/	Perani Law is a Bay Area criminal defense firm. Counties served: alameda, contra costa, marin, san francisco, bay area, san mateo, santa clara. Charge categories: dui, domestic-violence, assault, firearm, drug-possession, drug-trafficking, theft, robbery, burglary, white-collar-crime, fraud, probation-violation, reckless-driving. Caller case details to match: dui, driving under the influence, vehicle code section 23152, domestic violence, corporal injury, spousal abuse, domestic battery, assault, firearm, felon in possession, gun, armed, drug possession, possession of a controlled substance, narcotics possession, simple possession, drug trafficking, possession with intent, distribution of, conspiracy to distribute, theft, stolen, robbery, carjacking. Useful for JailCall routing when a caller describes matching criminal charges, arrest facts, or case details.
Presidio Law Group APC	presidio-law	https://presidiolaw.com	+14152256353		https://presidiolaw.com/	san francisco, alameda, san mateo, marin, contra costa	dui, domestic-violence, assault, firearm, drug-possession, drug-trafficking, theft, robbery, burglary, probation-violation	0		https://presidiolaw.com/	Presidio Law Group APC is a Bay Area criminal defense firm. Counties served: san francisco, alameda, san mateo, marin, contra costa. Charge categories: dui, domestic-violence, assault, firearm, drug-possession, drug-trafficking, theft, robbery, burglary, probation-violation. Caller case details to match: dui, driving under the influence, vehicle code section 23152, domestic violence, corporal injury, spousal abuse, domestic battery, assault, firearm, felon in possession, gun, armed, drug possession, possession of a controlled substance, narcotics possession, simple possession, drug trafficking, possession with intent, distribution of, conspiracy to distribute, theft, stolen, robbery, carjacking. Useful for JailCall routing when a caller describes matching criminal charges, arrest facts, or case details.
Raphael Law	raphael-law	https://www.napacriminallaw.com	+17072710141	NapaCriminalLawyer@gmail.com	https://www.napacriminallaw.com/	napa, solano	dui, domestic-violence, assault, drug-possession, drug-trafficking, theft, robbery, burglary, probation-violation	0		https://www.napacriminallaw.com/	Raphael Law is a Bay Area criminal defense firm. Counties served: napa, solano. Charge categories: dui, domestic-violence, assault, drug-possession, drug-trafficking, theft, robbery, burglary, probation-violation. Caller case details to match: dui, driving under the influence, vehicle code section 23152, domestic violence, corporal injury, spousal abuse, domestic battery, assault, drug possession, possession of a controlled substance, narcotics possession, simple possession, drug trafficking, possession with intent, distribution of, conspiracy to distribute, theft, stolen, robbery, carjacking, burglary, probation violation, violation of probation. Useful for JailCall routing when a caller describes matching criminal charges, arrest facts, or case details.
Rien, Adams & Cox LLP	rien-adams-cox	https://www.criminalaw.net	+14159826545		https://www.criminalaw.net/criminal-defense/weapons-gun-offenses/	oakland, san francisco bay area, alameda, contra costa, san francisco, san mateo, santa clara	dui, domestic-violence, assault, firearm, drug-possession, drug-trafficking, theft, robbery, burglary, white-collar-crime, fraud, probation-violation	0		https://www.criminalaw.net/contact/, https://www.criminalaw.net/criminal-defense/weapons-gun-offenses/	Rien, Adams & Cox LLP is a Bay Area criminal defense firm. Counties served: oakland, san francisco bay area, alameda, contra costa, san francisco, san mateo, santa clara. Charge categories: dui, domestic-violence, assault, firearm, drug-possession, drug-trafficking, theft, robbery, burglary, white-collar-crime, fraud, probation-violation. Caller case details to match: dui, driving under the influence, vehicle code section 23152, domestic violence, corporal injury, spousal abuse, domestic battery, assault, firearm, felon in possession, gun, armed, drug possession, possession of a controlled substance, narcotics possession, simple possession, drug trafficking, possession with intent, distribution of, conspiracy to distribute, theft, stolen, robbery, carjacking. Useful for JailCall routing when a caller describes matching criminal charges, arrest facts, or case details.
Roberts | Elliott Law Corp	roberts-elliott	https://www.robertsandelliott.com/	+14082759800		https://www.robertsandelliott.com/	santa clara, bay area, alameda, san mateo	dui, domestic-violence, assault, firearm, drug-possession, drug-trafficking, theft, robbery, burglary, white-collar-crime, fraud, probation-violation, juvenile, traffic	0		https://www.robertselliott.com/contact-us/, https://www.robertsandelliott.com/	Roberts | Elliott Law Corp is a Bay Area criminal defense firm. Counties served: santa clara, bay area, alameda, san mateo. Charge categories: dui, domestic-violence, assault, firearm, drug-possession, drug-trafficking, theft, robbery, burglary, white-collar-crime, fraud, probation-violation, juvenile, traffic. Caller case details to match: dui, driving under the influence, vehicle code section 23152, domestic violence, corporal injury, spousal abuse, domestic battery, assault, firearm, felon in possession, gun, armed, drug possession, possession of a controlled substance, narcotics possession, simple possession, drug trafficking, possession with intent, distribution of, conspiracy to distribute, theft, stolen, robbery, carjacking. Useful for JailCall routing when a caller describes matching criminal charges, arrest facts, or case details.
Semansky Law Firm	semansky-law	https://www.semansky.com	+19258566800	info@semansky.com	https://www.semansky.com/	contra costa, alameda, solano	dui, domestic-violence, assault, firearm, drug-possession, drug-trafficking, theft, robbery, burglary, white-collar-crime, fraud, probation-violation	0		https://www.semansky.com/	Semansky Law Firm is a Bay Area criminal defense firm. Counties served: contra costa, alameda, solano. Charge categories: dui, domestic-violence, assault, firearm, drug-possession, drug-trafficking, theft, robbery, burglary, white-collar-crime, fraud, probation-violation. Caller case details to match: dui, driving under the influence, vehicle code section 23152, domestic violence, corporal injury, spousal abuse, domestic battery, assault, firearm, felon in possession, gun, armed, drug possession, possession of a controlled substance, narcotics possession, simple possession, drug trafficking, possession with intent, distribution of, conspiracy to distribute, theft, stolen, robbery, carjacking. Useful for JailCall routing when a caller describes matching criminal charges, arrest facts, or case details.
Silver Law Firm	silver-law	https://www.esilverlaw.com	+15109950000	advice@esilverlaw.com	https://www.esilverlaw.com/contact/	alameda, contra costa, san francisco	dui, domestic-violence, assault, firearm, drug-possession, drug-trafficking, theft, robbery, burglary, white-collar-crime, fraud, probation-violation	0		https://www.esilverlaw.com/contact/	Silver Law Firm is a Bay Area criminal defense firm. Counties served: alameda, contra costa, san francisco. Charge categories: dui, domestic-violence, assault, firearm, drug-possession, drug-trafficking, theft, robbery, burglary, white-collar-crime, fraud, probation-violation. Caller case details to match: dui, driving under the influence, vehicle code section 23152, domestic violence, corporal injury, spousal abuse, domestic battery, assault, firearm, felon in possession, gun, armed, drug possession, possession of a controlled substance, narcotics possession, simple possession, drug trafficking, possession with intent, distribution of, conspiracy to distribute, theft, stolen, robbery, carjacking. Useful for JailCall routing when a caller describes matching criminal charges, arrest facts, or case details.
Somers Law Office	somers-law	https://www.somerslawoffice.com	+17072002734		https://www.somerslawoffice.com/	sonoma, marin, napa	dui, domestic-violence, assault, firearm, drug-possession, drug-trafficking, theft, robbery, burglary, probation-violation	0		https://www.somerslawoffice.com/	Somers Law Office is a Bay Area criminal defense firm. Counties served: sonoma, marin, napa. Charge categories: dui, domestic-violence, assault, firearm, drug-possession, drug-trafficking, theft, robbery, burglary, probation-violation. Caller case details to match: dui, driving under the influence, vehicle code section 23152, domestic violence, corporal injury, spousal abuse, domestic battery, assault, firearm, felon in possession, gun, armed, drug possession, possession of a controlled substance, narcotics possession, simple possession, drug trafficking, possession with intent, distribution of, conspiracy to distribute, theft, stolen, robbery, carjacking. Useful for JailCall routing when a caller describes matching criminal charges, arrest facts, or case details.
Steve Spiegelman, Attorney at Law	steve-spiegelman	https://www.stevespiegelman.com	+17079631912		https://www.stevespiegelman.com/	napa, sonoma, solano	dui, domestic-violence, assault, firearm, drug-possession, drug-trafficking, theft, robbery, burglary, probation-violation	0		https://www.stevespiegelman.com/	Steve Spiegelman, Attorney at Law is a Bay Area criminal defense firm. Counties served: napa, sonoma, solano. Charge categories: dui, domestic-violence, assault, firearm, drug-possession, drug-trafficking, theft, robbery, burglary, probation-violation. Caller case details to match: dui, driving under the influence, vehicle code section 23152, domestic violence, corporal injury, spousal abuse, domestic battery, assault, firearm, felon in possession, gun, armed, drug possession, possession of a controlled substance, narcotics possession, simple possession, drug trafficking, possession with intent, distribution of, conspiracy to distribute, theft, stolen, robbery, carjacking. Useful for JailCall routing when a caller describes matching criminal charges, arrest facts, or case details.
Summit Defense	summit-defense	https://summitdefense.com/	+14159130787		https://summitdefense.com/	san francisco, alameda, san mateo, contra costa, santa clara, marin	dui, domestic-violence, assault, firearm, drug-possession, drug-trafficking, theft, robbery, burglary, white-collar-crime, fraud, probation-violation, reckless-driving, federal-crimes, sex-crimes, murder, violent-crime, embezzlement, cocaine	10	Summit Defense case result - 12 domestic violence counts dismissed (domestic-violence: Twelve felony domestic violence charges); Summit Defense case result - DUI breath test refusal not guilty (dui: DUI and refusal to submit to breath test); Summit Defense case result - DUI charge dismissed (dui: DUI after traffic stop and breath test); Summit Defense case result - attempted murder probation (murder, violent-crime: Three counts of attempted murder); Summit Defense case result - embezzlement civil compromise (embezzlement, theft, fraud: Embezzlement over $350,000 from employer)	https://summitdefense.com/contact-us/, https://summitdefense.com/, https://summitdefense.com/san-mateo-criminal-defense-attorney/, https://summitdefense.com/case-results/, https://summitdefense.com/case-results/embezzlement-civil-compromise-no-criminal-conviction/	Summit Defense is a Bay Area criminal defense firm. Counties served: san francisco, alameda, san mateo, contra costa, santa clara, marin. Charge categories: dui, domestic-violence, assault, firearm, drug-possession, drug-trafficking, theft, robbery, burglary, white-collar-crime, fraud, probation-violation, reckless-driving, federal-crimes, sex-crimes, murder, violent-crime, embezzlement, cocaine. Caller case details to match: dui, driving under the influence, vehicle code section 23152, domestic violence, corporal injury, spousal abuse, domestic battery, assault, firearm, felon in possession, gun, armed, drug possession, possession of a controlled substance, narcotics possession, simple possession, drug trafficking, possession with intent, distribution of, conspiracy to distribute, theft, stolen, robbery, carjacking. Representative cases: Summit Defense case result - 12 domestic violence counts dismissed (domestic-violence: Twelve felony domestic violence charges); Summit Defense case result - DUI breath test refusal not guilty (dui: DUI and refusal to submit to breath test); Summit Defense case result - DUI charge dismissed (dui: DUI after traffic stop and breath test); Summit Defense case result - attempted murder probation (murder, violent-crime: Three counts of attempted murder); Summit Defense case result - embezzlement civil compromise (embezzlement, theft, fraud: Embezzlement over $350,000 from employer). Useful for JailCall routing when a caller describes matching criminal charges, arrest facts, or case details.
Swanson and McNamara LLP	swanson-and-mcnamara-llp	https://www.swansonmcnamara.com	+14154773800				fraud, wire-fraud, money-laundering, drug-trafficking, fentanyl	2	United States v. Baquedano (drug-trafficking, fentanyl: knowingly possessed with intent to distribute a controlled substance; government detention motion describes the charged offense as drug trafficking involving a kilogram of fentanyl); United States v. Schatt et al (fraud, wire-fraud, money-laundering: Conspiracy to commit wire fraud; wire fraud; money laundering transactions under 18 U.S.C. 1957; financial transactions to promote unlawful activity under 18 U.S.C. 1956(a)(1)(A).)	https://www.courtlistener.com/docket/73319493/united-states-v-baquedano/, https://www.docketalarm.com/cases/california_northern_district_court/3--24-cr-00243/usa_v._schatt_et_al/59/	Swanson and McNamara LLP is a Bay Area criminal defense firm. Charge categories: fraud, wire-fraud, money-laundering, drug-trafficking, fentanyl. Caller case details to match: fraud, wire fraud, money laundering, drug trafficking, possession with intent, distribution of, conspiracy to distribute, fentanyl. Representative cases: United States v. Baquedano (drug-trafficking, fentanyl: knowingly possessed with intent to distribute a controlled substance; government detention motion describes the charged offense as drug trafficking involving a kilogram of fentanyl); United States v. Schatt et al (fraud, wire-fraud, money-laundering: Conspiracy to commit wire fraud; wire fraud; money laundering transactions under 18 U.S.C. 1957; financial transactions to promote unlawful activity under 18 U.S.C. 1956(a)(1)(A).). Useful for JailCall routing when a caller describes matching criminal charges, arrest facts, or case details.
The Blalock Law Firm	blalock-law	https://www.theblalocklawfirm.com	+19254075876		https://www.theblalocklawfirm.com/	contra costa, alameda, solano	dui, domestic-violence, assault, firearm, drug-possession, drug-trafficking, theft, robbery, burglary, probation-violation	0		https://www.theblalocklawfirm.com/	The Blalock Law Firm is a Bay Area criminal defense firm. Counties served: contra costa, alameda, solano. Charge categories: dui, domestic-violence, assault, firearm, drug-possession, drug-trafficking, theft, robbery, burglary, probation-violation. Caller case details to match: dui, driving under the influence, vehicle code section 23152, domestic violence, corporal injury, spousal abuse, domestic battery, assault, firearm, felon in possession, gun, armed, drug possession, possession of a controlled substance, narcotics possession, simple possession, drug trafficking, possession with intent, distribution of, conspiracy to distribute, theft, stolen, robbery, carjacking. Useful for JailCall routing when a caller describes matching criminal charges, arrest facts, or case details.
The Maher Law Group	maher-law-group	https://www.themaherlawgroup.com	+14157825888		https://www.themaherlawgroup.com/contact-us/	alameda, contra costa, san francisco, solano	dui, domestic-violence, assault, firearm, drug-possession, drug-trafficking, theft, robbery, burglary, probation-violation	0		https://www.themaherlawgroup.com/contact-us/	The Maher Law Group is a Bay Area criminal defense firm. Counties served: alameda, contra costa, san francisco, solano. Charge categories: dui, domestic-violence, assault, firearm, drug-possession, drug-trafficking, theft, robbery, burglary, probation-violation. Caller case details to match: dui, driving under the influence, vehicle code section 23152, domestic violence, corporal injury, spousal abuse, domestic battery, assault, firearm, felon in possession, gun, armed, drug possession, possession of a controlled substance, narcotics possession, simple possession, drug trafficking, possession with intent, distribution of, conspiracy to distribute, theft, stolen, robbery, carjacking. Useful for JailCall routing when a caller describes matching criminal charges, arrest facts, or case details.
The Nieves Law Firm	the-nieves-law-firm	https://thenieveslawfirm.com/	+15108797549		https://thenieveslawfirm.com/contact-us/	alameda, san francisco, contra costa, marin, solano, santa clara, santa cruz, san joaquin, sacramento, napa, san mateo	dui, domestic-violence, assault, firearm, drug-possession, drug-trafficking, theft, robbery, burglary, probation-violation, reckless-driving, fraud, gang-crime, juvenile, sex-crimes, restraining-order, methamphetamine	7	Nieves case result - assault domestic violence burglary not guilty (assault, domestic-violence, burglary: Second-degree assault, second-degree domestic violence, and first-degree burglary); Nieves case result - domestic violence child endangerment dismissed (domestic-violence: Domestic violence and child endangerment); Nieves case result - first offense DUI no charges (dui: First offense DUI); Nieves case result - marijuana possession for sale dismissed (drug-trafficking: Marijuana possession for sale); Nieves case result - methamphetamine possession dismissed (methamphetamine, drug-trafficking: Possession of methamphetamines with immigration consequences)	https://thenieveslawfirm.com/contact-us/, https://thenieveslawfirm.com/gurjit-pandher-bringing-results-experience-to-the-nieves-law-firm/, https://thenieveslawfirm.com/about-us/	The Nieves Law Firm is a Bay Area criminal defense firm. Counties served: alameda, san francisco, contra costa, marin, solano, santa clara, santa cruz, san joaquin, sacramento, napa, san mateo. Charge categories: dui, domestic-violence, assault, firearm, drug-possession, drug-trafficking, theft, robbery, burglary, probation-violation, reckless-driving, fraud, gang-crime, juvenile, sex-crimes, restraining-order, methamphetamine. Caller case details to match: dui, driving under the influence, vehicle code section 23152, domestic violence, corporal injury, spousal abuse, domestic battery, assault, firearm, felon in possession, gun, armed, drug possession, possession of a controlled substance, narcotics possession, simple possession, drug trafficking, possession with intent, distribution of, conspiracy to distribute, theft, stolen, robbery, carjacking. Representative cases: Nieves case result - assault domestic violence burglary not guilty (assault, domestic-violence, burglary: Second-degree assault, second-degree domestic violence, and first-degree burglary); Nieves case result - domestic violence child endangerment dismissed (domestic-violence: Domestic violence and child endangerment); Nieves case result - first offense DUI no charges (dui: First offense DUI); Nieves case result - marijuana possession for sale dismissed (drug-trafficking: Marijuana possession for sale); Nieves case result - methamphetamine possession dismissed (methamphetamine, drug-trafficking: Possession of methamphetamines with immigration consequences). Useful for JailCall routing when a caller describes matching criminal charges, arrest facts, or case details.
The Pakneshan Firm	the-pakneshan-firm	https://baydefense.com/	+14152938454		https://baydefense.com/	alameda, contra costa, san francisco, marin, napa, sonoma, solano, santa clara, san mateo	dui, drug-trafficking, domestic-violence, assault, violent-crime, federal-crimes	0		https://baydefense.com/	The Pakneshan Firm is a Bay Area criminal defense firm. Counties served: alameda, contra costa, san francisco, marin, napa, sonoma, solano, santa clara, san mateo. Charge categories: dui, drug-trafficking, domestic-violence, assault, violent-crime, federal-crimes. Caller case details to match: dui, driving under the influence, vehicle code section 23152, drug trafficking, possession with intent, distribution of, conspiracy to distribute, domestic violence, corporal injury, spousal abuse, domestic battery, assault, violent crime, strike offense, criminal threats, kidnapping, federal crimes, federal crime, federal criminal defense, federal prosecution. Useful for JailCall routing when a caller describes matching criminal charges, arrest facts, or case details.
Tully & Weiss Attorneys at Law	tully-and-weiss	https://tully-weiss.com	+19252299700		https://tully-weiss.com/contact/	contra costa, alameda, solano	dui, domestic-violence, assault, firearm, drug-possession, drug-trafficking, theft, robbery, burglary, white-collar-crime, fraud, probation-violation	0		https://tully-weiss.com/contact/	Tully & Weiss Attorneys at Law is a Bay Area criminal defense firm. Counties served: contra costa, alameda, solano. Charge categories: dui, domestic-violence, assault, firearm, drug-possession, drug-trafficking, theft, robbery, burglary, white-collar-crime, fraud, probation-violation. Caller case details to match: dui, driving under the influence, vehicle code section 23152, domestic violence, corporal injury, spousal abuse, domestic battery, assault, firearm, felon in possession, gun, armed, drug possession, possession of a controlled substance, narcotics possession, simple possession, drug trafficking, possession with intent, distribution of, conspiracy to distribute, theft, stolen, robbery, carjacking. Useful for JailCall routing when a caller describes matching criminal charges, arrest facts, or case details.
Valery Nechay Law	valery-nechay-law	https://valerynechaylaw.com/criminal-defense/federal-criminal-lawyer/	+16504870671		https://valerynechaylaw.com/criminal-defense/federal-criminal-lawyer/	san francisco, bay area	federal-crimes, fraud, drug-trafficking, firearm, white-collar-crime	0		https://valerynechaylaw.com/criminal-defense/federal-criminal-lawyer/	Valery Nechay Law is a Bay Area criminal defense firm. Counties served: san francisco, bay area. Charge categories: federal-crimes, fraud, drug-trafficking, firearm, white-collar-crime. Caller case details to match: federal crimes, federal crime, federal criminal defense, federal prosecution, fraud, drug trafficking, possession with intent, distribution of, conspiracy to distribute, firearm, felon in possession, gun, armed, white collar crime, white collar, economic crime, complex economic crimes, embezzlement. Useful for JailCall routing when a caller describes matching criminal charges, arrest facts, or case details.
Valiente Law Firm	valiente-law	https://www.valientelawfirm.com	+19256747020		https://www.valientelawfirm.com/criminal-defense/	contra costa, alameda, solano	dui, domestic-violence, assault, firearm, drug-possession, drug-trafficking, theft, robbery, burglary, probation-violation	0		https://www.valientelawfirm.com/criminal-defense/	Valiente Law Firm is a Bay Area criminal defense firm. Counties served: contra costa, alameda, solano. Charge categories: dui, domestic-violence, assault, firearm, drug-possession, drug-trafficking, theft, robbery, burglary, probation-violation. Caller case details to match: dui, driving under the influence, vehicle code section 23152, domestic violence, corporal injury, spousal abuse, domestic battery, assault, firearm, felon in possession, gun, armed, drug possession, possession of a controlled substance, narcotics possession, simple possession, drug trafficking, possession with intent, distribution of, conspiracy to distribute, theft, stolen, robbery, carjacking. Useful for JailCall routing when a caller describes matching criminal charges, arrest facts, or case details.
Vandeveld Law Office	vandeveld-law	https://vandeveldlaw.com	+16503641435		https://vandeveldlaw.com/contact/	san mateo, santa clara, san francisco	dui, domestic-violence, assault, firearm, drug-possession, drug-trafficking, theft, robbery, burglary, probation-violation	0		https://vandeveldlaw.com/contact/	Vandeveld Law Office is a Bay Area criminal defense firm. Counties served: san mateo, santa clara, san francisco. Charge categories: dui, domestic-violence, assault, firearm, drug-possession, drug-trafficking, theft, robbery, burglary, probation-violation. Caller case details to match: dui, driving under the influence, vehicle code section 23152, domestic violence, corporal injury, spousal abuse, domestic battery, assault, firearm, felon in possession, gun, armed, drug possession, possession of a controlled substance, narcotics possession, simple possession, drug trafficking, possession with intent, distribution of, conspiracy to distribute, theft, stolen, robbery, carjacking. Useful for JailCall routing when a caller describes matching criminal charges, arrest facts, or case details.
Vera Law Office	vera-law	https://www.veralawoffice.com	+15105619656	help@veralawoffice.com	https://www.veralawoffice.com/contact/	alameda, contra costa, san francisco	dui, domestic-violence, assault, firearm, drug-possession, drug-trafficking, theft, robbery, burglary, probation-violation	0		https://www.veralawoffice.com/contact/	Vera Law Office is a Bay Area criminal defense firm. Counties served: alameda, contra costa, san francisco. Charge categories: dui, domestic-violence, assault, firearm, drug-possession, drug-trafficking, theft, robbery, burglary, probation-violation. Caller case details to match: dui, driving under the influence, vehicle code section 23152, domestic violence, corporal injury, spousal abuse, domestic battery, assault, firearm, felon in possession, gun, armed, drug possession, possession of a controlled substance, narcotics possession, simple possession, drug trafficking, possession with intent, distribution of, conspiracy to distribute, theft, stolen, robbery, carjacking. Useful for JailCall routing when a caller describes matching criminal charges, arrest facts, or case details.
VIB Law Office	vib-law	https://viblaw.com	+14089209720	contact@viblaw.com	https://viblaw.com/contact/	santa clara, alameda, san mateo	dui, domestic-violence, assault, firearm, drug-possession, drug-trafficking, theft, robbery, burglary, probation-violation	0		https://viblaw.com/contact/	VIB Law Office is a Bay Area criminal defense firm. Counties served: santa clara, alameda, san mateo. Charge categories: dui, domestic-violence, assault, firearm, drug-possession, drug-trafficking, theft, robbery, burglary, probation-violation. Caller case details to match: dui, driving under the influence, vehicle code section 23152, domestic violence, corporal injury, spousal abuse, domestic battery, assault, firearm, felon in possession, gun, armed, drug possession, possession of a controlled substance, narcotics possession, simple possession, drug trafficking, possession with intent, distribution of, conspiracy to distribute, theft, stolen, robbery, carjacking. Useful for JailCall routing when a caller describes matching criminal charges, arrest facts, or case details.
Walter Rubenstein Criminal Defense	walter-rubenstein	https://walterrubensteinlaw.com	+17075464545		https://walterrubensteinlaw.com/	sonoma, marin, napa	dui, domestic-violence, assault, drug-possession, drug-trafficking, theft, robbery, burglary, probation-violation	0		https://walterrubensteinlaw.com/	Walter Rubenstein Criminal Defense is a Bay Area criminal defense firm. Counties served: sonoma, marin, napa. Charge categories: dui, domestic-violence, assault, drug-possession, drug-trafficking, theft, robbery, burglary, probation-violation. Caller case details to match: dui, driving under the influence, vehicle code section 23152, domestic violence, corporal injury, spousal abuse, domestic battery, assault, drug possession, possession of a controlled substance, narcotics possession, simple possession, drug trafficking, possession with intent, distribution of, conspiracy to distribute, theft, stolen, robbery, carjacking, burglary, probation violation, violation of probation. Useful for JailCall routing when a caller describes matching criminal charges, arrest facts, or case details.
